text,sentiment
tao,positive
iba,positive
uri,positive
a,positive
pangunahin,positive
maraming,positive
katulad,positive
kilala,positive
bago,positive
kilalang,positive
gaya,positive
kaya,positive
tungkol,positive
diyos,positive
mataas,positive
malapit,positive
katangian,positive
ibig,positive
tunay,positive
pagkain,positive
malawak,positive
kaugnayan,positive
init,positive
nanalo,positive
mahigit,positive
top,positive
aral,positive
indibidwal,positive
pagkakaiba,positive
galing,positive
paniniwala,positive
tulong,positive
makabagong,positive
right,positive
trabaho,positive
sikat,positive
itaas,positive
kakayahan,positive
tanyag,positive
gamot,positive
tiyak,positive
mabilis,positive
santo,positive
madaling,positive
liwanag,positive
natitira,positive
sapat,positive
pinakamataas,positive
matagumpay,positive
nais,positive
tagumpay,positive
guro,positive
malamang,positive
mahusay,positive
kalayaan,positive
mahalaga,positive
banal,positive
popular,positive
pagtaas,positive
karapatan,positive
karagdagan,positive
kabataan,positive
pananampalataya,positive
ginto,positive
pagdiriwang,positive
angkop,positive
humantong,positive
interes,positive
bulaklak,positive
pantay,positive
suporta,positive
kasunduan,positive
timbang,positive
maliwanag,positive
matatag,positive
malinaw,positive
legal,positive
parangal,positive
pagganap,positive
tama,positive
mabuti,positive
gusto,positive
bisa,positive
pera,positive
dalubhasa,positive
ambag,positive
mainit,positive
paggamot,positive
baguhin,positive
kahalagahan,positive
malalim,positive
magagamit,positive
mainam,positive
tatak,positive
talaga,positive
makuha,positive
kapayapaan,positive
nakamit,positive
bayani,positive
langit,positive
nararapat,positive
makinang,positive
maayos,positive
katulong,positive
like,positive
pasyente,positive
bantog,positive
makamit,positive
kasanayan,positive
panalo,positive
paliwanag,positive
maganda,positive
kanan,positive
isinama,positive
karangalan,positive
pagpapanatili,positive
anghel,positive
nakakuha,positive
gantimpala,positive
free,positive
kagustuhan,positive
kaagad,positive
napaka,positive
magaling,positive
medyo,positive
inspirasyon,positive
umunlad,positive
pagsulong,positive
pagkakakilanlan,positive
tuktok,positive
matibay,positive
pagkuha,positive
integral,positive
mayaman,positive
fair,positive
moralidad,positive
tagahanga,positive
nagbago,positive
important,positive
madali,positive
pagkilos,positive
kayamanan,positive
pagkakaisa,positive
kagandahan,positive
karunungan,positive
responsable,positive
pagpapatuloy,positive
pundasyon,positive
ligtas,positive
malambot,positive
talento,positive
kasiyahan,positive
well,positive
katanyagan,positive
work,positive
nakaligtas,positive
love,positive
manalo,positive
katiyakan,positive
umuunlad,positive
nagtagumpay,positive
mungkahi,positive
mabuhay,positive
kontribusyon,positive
kapitan,positive
tulungan,positive
pagmamahal,positive
tumutugon,positive
reporma,positive
palatandaan,positive
kabutihan,positive
droga,positive
tapat,positive
umaasa,positive
nagtrabaho,positive
lunas,positive
tahimik,positive
gintong,positive
positibo,positive
makapangyarihan,positive
marunong,positive
kapalaran,positive
solid,positive
pangako,positive
pakinabang,positive
galang,positive
makapal,positive
abot,positive
paggalang,positive
malinis,positive
gumagana,positive
best,positive
handog,positive
pinakamagaling,positive
nangunguna,positive
katwiran,positive
award,positive
simple,positive
katapatan,positive
panginoon,positive
matamis,positive
kampeon,positive
good,positive
abogado,positive
magagawa,positive
tangi,positive
nagagamit,positive
pinapayagan,positive
napatunayan,positive
mahilig,positive
suportahan,positive
nakatulong,positive
won,positive
nangingibabaw,positive
matapang,positive
pabor,positive
klasiko,positive
reputasyon,positive
napanalunan,positive
nagpapatunay,positive
upgraded,positive
patunay,positive
hangarin,positive
talent,positive
nabago,positive
patunayan,positive
kahusayan,positive
kababalaghan,positive
humahantong,positive
handa,positive
katalinuhan,positive
pinarangalan,positive
pangngalan,positive
nagagawa,positive
magtrabaho,positive
dalisay,positive
ayusin,positive
proteksyon,positive
pagpapabuti,positive
maingat,positive
maalamat,positive
siksik,positive
kabanalan,positive
diplomatiko,positive
libre,positive
papuri,positive
tumawag,positive
rebolusyonaryo,positive
gulugod,positive
available,positive
abilidad,positive
masaya,positive
lead,positive
tiwala,positive
talunin,positive
pandinig,positive
nagbubunga,positive
masigasig,positive
kagalingan,positive
yumabong,positive
paghahayag,positive
malusog,positive
kasaganaan,positive
magkamit,positive
ipagtanggol,positive
tagapagligtas,positive
great,positive
katatagan,positive
appropriate,positive
pagpayag,positive
pagkakasundo,positive
makinis,positive
dakila,positive
kaligayahan,positive
kalayaang,positive
amo,positive
pangingibabaw,positive
pagkakahawig,positive
milagro,positive
mabisa,positive
katapangan,positive
strong,positive
positive,positive
moderno,positive
minamahal,positive
liriko,positive
iginawad,positive
support,positive
makakamit,positive
makabayan,positive
hot,positive
himala,positive
fans,positive
aliw,positive
tipan,positive
matapat,positive
makulay,positive
katuparan,positive
espirituwal,positive
basal,positive
Masters,positive
salamangka,positive
pagtatagumpay,positive
pagawaan,positive
nakatutulong,positive
maalam,positive
clear,positive
talino,positive
gold,positive
Mabuhay,positive
tapang,positive
nagkakahalaga,positive
masigla,positive
hanga,positive
works,positive
pribilehiyo,positive
pagtitiwala,positive
katamtaman,positive
pangwakas,positive
mapayapa,positive
manliligaw,positive
kusa,positive
katatawanan,positive
sagana,positive
romantiko,positive
premyo,positive
pili,positive
pananggalang,positive
palayain,positive
pagpapalaya,positive
matalino,positive
mapabuti,positive
pagsamahin,positive
mabait,positive
akay,positive
pasasalamat,positive
masarap,positive
marangal,positive
makatwiran,positive
makatotohanan,positive
maestro,positive
awards,positive
superior,positive
sigla,positive
pino,positive
pinakasimpleng,positive
kalamangan,positive
hiyas,positive
gamutin,positive
better,positive
wasto,positive
sariwa,positive
napakahalaga,positive
matindi,positive
makabago,positive
kalinisan,positive
gana,positive
variety,positive
suportado,positive
pinakamabilis,positive
pagwawagi,positive
nagsasarili,positive
idolo,positive
panlinis,positive
paborito,positive
optimal,positive
naririnig,positive
dinamika,positive
super,positive
sigurado,positive
pinakamainam,positive
paunlarin,positive
pagbawi,positive
pagbati,positive
makasaysayan,positive
magtagumpay,positive
sumulong,positive
pumukaw,positive
pumipili,positive
paghanga,positive
matamo,positive
makahulugan,positive
hangad,positive
charm,positive
bonus,positive
teologo,positive
pahinga,positive
modern,positive
mangingibig,positive
katahimikan,positive
kaloob,positive
atraksyon,positive
tinatangkilik,positive
soft,positive
rekomendasyon,positive
puri,positive
nagkakaisa,positive
holy,positive
pagtatangi,positive
pagpaparangal,positive
mauunawaan,positive
transparent,positive
saya,positive
patula,positive
malikhain,positive
leading,positive
ipagdiwang,positive
humanga,positive
hapdi,positive
fast,positive
dominante,positive
creative,positive
sanay,positive
sambahin,positive
makintab,positive
mahika,positive
magiting,positive
kabantugan,positive
honor,positive
heaven,positive
beauty,positive
sweet,positive
significant,positive
perpekto,positive
maluwang,positive
maghanda,positive
lumampas,positive
kaliwanagan,positive
garantiya,positive
enough,positive
usad,positive
proper,positive
master,positive
maaasahan,positive
kalaliman,positive
kagalakan,positive
greatest,positive
abuloy,positive
survival,positive
led,positive
kooperatiba,positive
kapatawaran,positive
ipahiwatig,positive
henyo,positive
gilas,positive
ganapin,positive
faith,positive
success,positive
pangalagaan,positive
pagtitipid,positive
pagpapala,positive
pagkakatugma,positive
mapalad,positive
manguna,positive
magic,positive
mabawi,positive
luwalhati,positive
kaha,positive
ipon,positive
integrated,positive
correct,positive
compact,positive
advanced,positive
tagataguyod,positive
relief,positive
pretty,positive
napakalawak,positive
nakapagsasalita,positive
makatarungan,positive
kaluwalhatian,positive
instrumental,positive
idol,positive
hail,positive
freedom,positive
classic,positive
useful,positive
tiyakin,positive
pugay,positive
paraiso,positive
paglakas,positive
nakahanda,positive
naibalik,positive
masagana,positive
mararating,positive
mapagmahal,positive
maisasagawa,positive
karangyaan,positive
kainitan,positive
kabayanihan,positive
itinatangi,positive
glory,positive
eksakto,positive
winning,positive
tuwa,positive
suwerte,positive
sensitive,positive
pangunahan,positive
pamumulaklak,positive
pagtibayin,positive
ngiti,positive
maselan,positive
maginhawa,positive
kalamigan,positive
golden,positive
taimtim,positive
speedy,positive
parangalan,positive
pambihira,positive
pakundangan,positive
pagpapataas,positive
mature,positive
marangyang,positive
mapagbigay,positive
maningning,positive
maligaya,positive
makatao,positive
kagitingan,positive
kaginhawahan,positive
intriga,positive
umakit,positive
tinimplahan,positive
rich,positive
ready,positive
pauna,positive
pampainit,positive
pagtutuwid,positive
pagbabantay,positive
multa,positive
makabuluhan,positive
magbuo,positive
magbawas,positive
kadakilaan,positive
hayagan,positive
edukado,positive
Pinatunayan,positive
yumayabong,positive
supports,positive
supporting,positive
supported,positive
revival,positive
purihin,positive
protect,positive
perfect,positive
pakikiramay,positive
pahintulutan,positive
napapatunayan,positive
nakakaakit,positive
nagkataon,positive
magalang,positive
lubha,positive
ligaya,positive
kapanatagan,positive
kalmado,positive
improve,positive
ideal,positive
humor,positive
happy,positive
grand,positive
glorious,positive
dynamic,positive
dignidad,positive
consistent,positive
bumati,positive
worked,positive
silent,positive
reliable,positive
relaxed,positive
properly,positive
pinagkakatiwalaan,positive
peace,positive
palugit,positive
nananalo,positive
nagsusumikap,positive
nababanat,positive
magkasundo,positive
magiliw,positive
lumilihis,positive
linisin,positive
laya,positive
kinumpleto,positive
kasigasigan,positive
kasayahan,positive
joy,positive
interesante,positive
intelligence,positive
ibigin,positive
gain,positive
friendly,positive
clean,positive
bentilador,positive
win,positive
tiyaga,positive
tagaganap,positive
successful,positive
sexy,positive
sabik,positive
rapid,positive
prestihiyo,positive
napapanahon,positive
napalaya,positive
maimpluwensiya,positive
magpaunlad,positive
fun,positive
fresh,positive
fine,positive
cute,positive
adore,positive
winner,positive
tender,positive
respect,positive
recommended,positive
rational,positive
pure,positive
pinakamainit,positive
pinakadakila,positive
perya,positive
pagtubos,positive
pagpuri,positive
pagalingin,positive
pabutihin,positive
oasis,positive
noble,positive
ningning,positive
nice,positive
nababasa,positive
malugod,positive
maalab,positive
ligawan,positive
himukin,positive
hero,positive
helped,positive
excited,positive
dedikado,positive
convenience,positive
bright,positive
batiin,positive
autonomous,positive
accurate,positive
wonder,positive
prosper,positive
pagkalooban,positive
matulungin,positive
maringal,positive
mapagkakatiwalaan,positive
magpatibay,positive
maaliwalas,positive
kislap,positive
kahinahunan,positive
kabaitan,positive
igalang,positive
favorite,positive
famous,positive
divine,positive
boom,positive
welcome,positive
victory,positive
tamis,positive
spiritual,positive
smooth,positive
powerful,positive
poder,positive
pinakamatibay,positive
pinakamadaling,positive
pagbubunyi,positive
novelty,positive
napakarami,positive
nagliliwanag,positive
matatas,positive
matatamis,positive
matalim,positive
masiyahan,positive
magtaas,positive
maglaan,positive
liwanagin,positive
linangin,positive
kalinawan,positive
kaaliwan,positive
intelligent,positive
helpful,positive
endorsement,positive
cool,positive
competitive,positive
commitment,positive
brave,positive
basbas,positive
awarded,positive
yakapin,positive
worth,positive
trumpeta,positive
reasonable,positive
progresibo,positive
prestihiyoso,positive
praise,positive
portable,positive
payapa,positive
pagsasaya,positive
natutuwa,positive
napakahusay,positive
nakapupukaw,positive
mayabong,positive
maliksi,positive
mabunga,positive
maawain,positive
loving,positive
liksi,positive
honored,positive
gumising,positive
fairly,positive
excellent,positive
excellence,positive
elite,positive
easy,positive
easier,positive
defeat,positive
daig,positive
courage,positive
compatible,positive
clearly,positive
beloved,positive
appeal,positive
angel,positive
woo,positive
wisdom,positive
warm,positive
trust,positive
stellar,positive
simplified,positive
sharp,positive
selective,positive
romantic,positive
progressive,positive
prize,positive
prefer,positive
pinapahalagahan,positive
pamamatnubay,positive
palakaibigan,positive
pagtitiyaga,positive
pagkahabag,positive
pagandahin,positive
notably,positive
matiyagang,positive
matipuno,positive
matayog,positive
mapaglaro,positive
mamulaklak,positive
mamahalin,positive
malampasan,positive
magsikap,positive
maginoo,positive
magical,positive
magharap,positive
loved,positive
kapakumbabaan,positive
kamahalan,positive
kahabagan,positive
honorable,positive
heavenly,positive
faster,positive
fame,positive
contribution,positive
champion,positive
beautiful,positive
advance,positive
accessible,positive
verifiable,positive
tops,positive
talents,positive
survivor,positive
stable,positive
simoy,positive
safe,positive
reputable,positive
remedyo,positive
regard,positive
recover,positive
payag,positive
palakpakan,positive
mercy,positive
matipid,positive
maparaan,positive
mapanlikha,positive
maipagmamalaki,positive
magtiwala,positive
magpalagay,positive
luxury,positive
loves,positive
liberty,positive
kasundo,positive
kaitaasan,positive
improved,positive
happiness,positive
guidance,positive
groundbreaking,positive
glee,positive
glad,positive
giliw,positive
gifted,positive
genius,positive
favorable,positive
favor,positive
fancy,positive
enjoyed,positive
dedicated,positive
cure,positive
correctly,positive
celebration,positive
capitan,positive
benefit,positive
backbone,positive
aproba,positive
alindog,positive
advantage,positive
hindi,negative
din,negative
nasa,negative
ilang,negative
bagay,negative
pangkat,negative
ding,negative
maliit,negative
grupo,negative
gawa,negative
sakit,negative
namatay,negative
kamatayan,negative
gumawa,negative
taga,negative
Hudyo,negative
dahilan,negative
huli,negative
tauhan,negative
puno,negative
patuloy,negative
ulo,negative
pahina,negative
hangganan,negative
sakop,negative
tunog,negative
daan,negative
karaniwan,negative
problema,negative
kanser,negative
labanan,negative
kawalan,negative
pormal,negative
kalagayan,negative
panganib,negative
mababa,negative
mahirap,negative
pahayag,negative
itim,negative
sama,negative
diin,negative
karamdaman,negative
hiwalay,negative
butas,negative
atake,negative
suliranin,negative
sintomas,negative
kalaban,negative
kasalanan,negative
pananakop,negative
umalis,negative
virus,negative
titi,negative
mamatay,negative
kahirapan,negative
totoo,negative
patay,negative
pagbagsak,negative
pagbabalik,negative
plano,negative
balangkas,negative
FALSE,negative
mahigpit,negative
alitan,negative
kita,negative
iisa,negative
kakulangan,negative
natalo,negative
takot,negative
pagkawala,negative
pagpatay,negative
pinsala,negative
impeksiyon,negative
bagyo,negative
nawala,negative
baboy,negative
tinatanggap,negative
paghihiwalay,negative
pabalik,negative
alipin,negative
paglabas,negative
pilosopo,negative
abala,negative
galit,negative
kulang,negative
pagsabog,negative
kritiko,negative
break,negative
kagubatan,negative
konseho,negative
pamamaga,negative
lubhang,negative
kaaway,negative
depression,negative
masama,negative
mali,negative
pansamantalang,negative
aso,negative
pagkakamali,negative
krimen,negative
sumailalim,negative
kalooban,negative
malayo,negative
taba,negative
sugat,negative
lihim,negative
ayaw,negative
singaw,negative
limitado,negative
nawalan,negative
kulisap,negative
pagkabulok,negative
demonyo,negative
pagsalakay,negative
lumaban,negative
paglabag,negative
katas,negative
laganap,negative
komedya,negative
pagkalat,negative
utang,negative
mahina,negative
madilim,negative
sumama,negative
depresyon,negative
halimaw,negative
imahen,negative
mabagal,negative
kamalian,negative
napatay,negative
kakaiba,negative
balahibo,negative
amoy,negative
undefined,negative
tanggapin,negative
kanal,negative
humingi,negative
panlaban,negative
bayad,negative
pananagutan,negative
pagbaba,negative
daungan,negative
bawal,negative
babala,negative
negative,negative
dumi,negative
manatili,negative
tumakas,negative
pala,negative
pagkasira,negative
ligaw,negative
krisis,negative
kriminal,negative
nabigo,negative
mapanganib,negative
damo,negative
pain,negative
paghihimagsik,negative
impiyerno,negative
alisin,negative
salungat,negative
pagtanggi,negative
katunggali,negative
away,negative
sala,negative
patayin,negative
naiiba,negative
kumain,negative
kasamaan,negative
pababa,negative
ulap,negative
stress,negative
putik,negative
parusa,negative
paghihirap,negative
pagano,negative
bilanggo,negative
pagtatalo,negative
lagnat,negative
tumanggi,negative
riles,negative
pagbabawal,negative
marahas,negative
pumatay,negative
limitasyon,negative
error,negative
sumuko,negative
kakaunti,negative
ani,negative
bilangguan,negative
pagkawasak,negative
negatibo,negative
biglang,negative
kumilos,negative
protesta,negative
pagtutol,negative
pagkabalisa,negative
ipinagbabawal,negative
ilegal,negative
bomba,negative
banta,negative
humawak,negative
ipinagpatuloy,negative
pananakit,negative
magkakaiba,negative
lamig,negative
sumasalungat,negative
lumipas,negative
amin,negative
radikal,negative
pinagtatalunan,negative
pagkabigo,negative
namamatay,negative
mamamatay,negative
mababaw,negative
udyok,negative
paglubog,negative
makitid,negative
katarungan,negative
disyerto,negative
trahedya,negative
paglaban,negative
pagguho,negative
misteryo,negative
hirap,negative
pagsalungat,negative
mawala,negative
maluwag,negative
tangke,negative
tinanggihan,negative
puki,negative
pagpigil,negative
manika,negative
alala,negative
pating,negative
pansarili,negative
object,negative
nauunawaan,negative
nakamamatay,negative
sumiklab,negative
malupit,negative
pagpapatiwakal,negative
hard,negative
sin,negative
puna,negative
hadlang,negative
karibal,negative
complex,negative
pagnanakaw,negative
wasakin,negative
lason,negative
disorder,negative
sakuna,negative
magtayo,negative
likhain,negative
tumangging,negative
salot,negative
lumubog,negative
ingay,negative
bahagya,negative
alikabok,negative
usok,negative
suka,negative
pilit,negative
pagpapatakbo,negative
nerbiyos,negative
katha,negative
punk,negative
nagging,negative
malungkot,negative
diskriminasyon,negative
syndrome,negative
split,negative
sira,negative
reklamo,negative
pagkabahala,negative
kapinsalaan,negative
gulo,negative
burahin,negative
strain,negative
kuweba,negative
maybahay,negative
bulag,negative
panggagahasa,negative
magaspang,negative
mabangis,negative
alalahanin,negative
talon,negative
naranasan,negative
naghahati,negative
malutas,negative
bug,negative
palihim,negative
nakulong,negative
nabubulok,negative
diktador,negative
basura,negative
pusong,negative
pagpipigil,negative
pagkiling,negative
bulak,negative
apdo,negative
pansamantala,negative
kasalungat,negative
gumuho,negative
tumutol,negative
sugatan,negative
sinunog,negative
malubha,negative
imbento,negative
atakihin,negative
sumpa,negative
pangit,negative
pagod,negative
malabo,negative
katiwalian,negative
kalungkutan,negative
bitak,negative
biro,negative
bawasan,negative
urong,negative
panandalian,negative
mapait,negative
imposible,negative
balakid,negative
umurong,negative
random,negative
pan,negative
pagbibitiw,negative
kadiliman,negative
fiction,negative
depekto,negative
suntok,negative
selyo,negative
propaganda,negative
paputok,negative
paghatol,negative
nakakatakot,negative
makasalanan,negative
kahihiyan,negative
gutom,negative
abnormal,negative
utusan,negative
sumira,negative
sumalungat,negative
malala,negative
maasim,negative
luma,negative
lipat,negative
issue,negative
tulis,negative
pagsupil,negative
pagputol,negative
paglihis,negative
paglalaban,negative
mawalan,negative
lihis,negative
implikasyon,negative
harapin,negative
die,negative
sirain,negative
salarin,negative
pagkatakot,negative
maninila,negative
konserbatibo,negative
kawan,negative
hating,negative
bigla,negative
pinalayas,negative
paratang,negative
pananabik,negative
nababagay,negative
makipaglaban,negative
itago,negative
drag,negative
dispute,negative
death,negative
alsa,negative
sagutin,negative
panghihimasok,negative
pagsuway,negative
nakatago,negative
lumala,negative
limited,negative
kalamidad,negative
tutol,negative
tanggihan,negative
problem,negative
poot,negative
nasusunog,negative
nakahiga,negative
masakit,negative
mapatay,negative
malagkit,negative
mahuli,negative
kalupitan,negative
cold,negative
tulisan,negative
trauma,negative
takas,negative
parusahan,negative
natatakot,negative
natakot,negative
malaganap,negative
kamandag,negative
bias,negative
tumalo,negative
tukso,negative
sumabog,negative
sobra,negative
plot,negative
paso,negative
panliligalig,negative
pangangati,negative
pagsisisi,negative
nagbabala,negative
maubos,negative
marupok,negative
magpalabas,negative
kilo,negative
dead,negative
umiwas,negative
sako,negative
palo,negative
paghaharap,negative
limit,negative
kasinungalingan,negative
kapahamakan,negative
kalawang,negative
ipa,negative
huwad,negative
bingi,negative
wild,negative
tumiwalag,negative
tae,negative
severe,negative
pagsira,negative
pagpapakamatay,negative
nahatulan,negative
matalas,negative
kirot,negative
katamaran,negative
kamangmangan,negative
bullying,negative
baliw,negative
umiyak,negative
tsismis,negative
pumigil,negative
pekeng,negative
pagkakasala,negative
namamalagi,negative
mailap,negative
mahiyain,negative
labasan,negative
karikatura,negative
kapabayaan,negative
kagipitan,negative
injury,negative
infringement,negative
dilim,negative
cancer,negative
bali,negative
awang,negative
wrong,negative
salungatan,negative
sagabal,negative
pilay,negative
pigilin,negative
paumanhin,negative
panghihina,negative
pangamba,negative
pamumula,negative
pagtataksil,negative
pagkukulang,negative
mataba,negative
mangmang,negative
lumayo,negative
limon,negative
kati,negative
kainaman,negative
ingatan,negative
dark,negative
dahas,negative
biglaan,negative
tulo,negative
sapot,negative
pilitin,negative
panatiko,negative
pananakot,negative
pagpapahiwatig,negative
pagkakasakit,negative
pagbabanta,negative
marumi,negative
mantsa,negative
magulo,negative
lumabag,negative
kutsilyo,negative
ihiwalay,negative
baluktot,negative
Burns,negative
sipon,negative
salat,negative
pumutok,negative
pantulong,negative
paninira,negative
pagsusuka,negative
pagsipsip,negative
pagbubuwis,negative
napakahirap,negative
matarik,negative
mahulog,negative
magtipon,negative
maghiganti,negative
kawali,negative
gumagapang,negative
fictional,negative
epidemya,negative
diyablo,negative
criticism,negative
buwagin,negative
vice,negative
putulin,negative
maralita,negative
maga,negative
kamao,negative
itakwil,negative
issues,negative
frozen,negative
floor,negative
died,negative
defensive,negative
dagta,negative
agresibo,negative
warning,negative
tumigas,negative
static,negative
shock,negative
pinagtatalunang,negative
palakol,negative
pagpapalayas,negative
pagkakanulo,negative
pagkabilanggo,negative
paalisin,negative
nepotismo,negative
lusak,negative
lumusob,negative
kalubhaan,negative
inflammatory,negative
hack,negative
dukha,negative
duda,negative
destroyer,negative
balabal,negative
akusasyon,negative
talamak,negative
sugpuin,negative
sigaw,negative
punit,negative
pipi,negative
pamatay,negative
pamalo,negative
pagtunaw,negative
pagkalito,negative
pagbaluktot,negative
nakakalason,negative
maulap,negative
masikip,negative
magapi,negative
lipulin,negative
kasawian,negative
impyerno,negative
humahadlang,negative
hayaan,negative
duwag,negative
baho,negative
agam,negative
pakialam,negative
pagyeyelo,negative
pagkalugi,negative
offensive,negative
odd,negative
natigil,negative
nagtatanggol,negative
nababahala,negative
maingay,negative
mabigo,negative
loss,negative
hinala,negative
bulok,negative
bad,negative
abuso,negative
weakening,negative
ulila,negative
takpan,negative
tagtuyot,negative
tago,negative
risk,negative
problems,negative
poor,negative
pinatuyo,negative
piitan,negative
peste,negative
pangkaluluwa,negative
pakiusap,negative
pagsasamantala,negative
pagmamalabis,negative
pagbuwag,negative
nakakahawa,negative
malasakit,negative
mahiwaga,negative
lumihis,negative
kasakiman,negative
kalabasa,negative
imoral,negative
gasgas,negative
fall,negative
erehe,negative
dilemma,negative
critics,negative
bisyo,negative
anxiety,negative
weak,negative
umuurong,negative
tindi,negative
tanga,negative
strike,negative
sinumpa,negative
rape,negative
panlilinlang,negative
pamahiin,negative
pagsisi,negative
pagsilakbo,negative
paglipol,negative
pagkaubos,negative
pagkaantala,negative
paghiwalay,negative
naghihirap,negative
maligamgam,negative
mahalay,negative
magalit,negative
lupigin,negative
lagim,negative
kailaliman,negative
iregular,negative
ilusyon,negative
emergency,negative
dungis,negative
disabled,negative
disable,negative
diperensya,negative
crash,negative
biased,negative
barbaro,negative
bait,negative
awayan,negative
Nasira,negative
warp,negative
tagalabas,negative
sumigaw,negative
sink,negative
saktan,negative
pantal,negative
pangungutya,negative
pagtalikod,negative
pagpukaw,negative
pagkahulog,negative
pagkaalipin,negative
matulog,negative
masungit,negative
masahol,negative
mapilit,negative
mahalumigmig,negative
mabulok,negative
lungkot,negative
kumpisal,negative
kamalasan,negative
insenso,negative
genocide,negative
dumagsa,negative
broken,negative
bitag,negative
baog,negative
balbula,negative
alingawngaw,negative
unable,negative
trick,negative
tigilan,negative
slowly,negative
resistance,negative
pinaghihinalaan,negative
pig,negative
pasumala,negative
pasismo,negative
pangmundo,negative
pamimilit,negative
paltos,negative
pagsugpo,negative
pagkagalit,negative
paghihigpit,negative
nilaga,negative
napakalamig,negative
mariin,negative
mapanlinlang,negative
mapanira,negative
mapanglaw,negative
makialam,negative
makapigil,negative
maiwan,negative
mahuhulaan,negative
mabato,negative
mabalasik,negative
lost,negative
kulubot,negative
killed,negative
kasabwat,negative
isolated,negative
insulto,negative
injure,negative
gusot,negative
gumanti,negative
glitch,negative
dumaloy,negative
decay,negative
crush,negative
conflict,negative
collapse,negative
bumagal,negative
bulgar,negative
breaks,negative
bigo,negative
alinlangan,negative
unknown,negative
tamad,negative
takutin,negative
stew,negative
slow,negative
sloth,negative
shark,negative
partisan,negative
panunuri,negative
panahunan,negative
pagtatakwil,negative
pagpuksa,negative
pagkabigla,negative
pagdurog,negative
pagdumi,negative
pabulaanan,negative
pabaya,negative
namuo,negative
nakasisira,negative
nagkakamali,negative
nagagalit,negative
masunurin,negative
mapusok,negative
makasarili,negative
makamandag,negative
magnakaw,negative
magkarga,negative
magkamali,negative
lamat,negative
lack,negative
kalokohan,negative
kalabisan,negative
kahalayan,negative
iskandalo,negative
hiwaga,negative
hell,negative
gisingin,negative
fever,negative
failed,negative
disturbance,negative
diktatoryal,negative
crisis,negative
brutal,negative
breaking,negative
babasagin,negative
api,negative
Kulang,negative
tutulan,negative
tumakip,negative
tigib,negative
strange,negative
sinungaling,negative
pulubi,negative
pulos,negative
puksain,negative
pinirito,negative
pinahaba,negative
patago,negative
pagsisinungaling,negative
pagpapataw,negative
pagpapabaya,negative
pagkahuli,negative
pagbubuno,negative
padyak,negative
nervous,negative
namamaga,negative
nakapipinsala,negative
nakakalito,negative
naiinggit,negative
nabalisa,negative
mapalabas,negative
manipulahin,negative
makaluma,negative
mabagsik,negative
lubog,negative
liko,negative
kayumian,negative
kasiraan,negative
kapalaluan,negative
kapa,negative
ipagbawal,negative
inferior,negative
imoralidad,negative
ihinto,negative
ibagsak,negative
humpay,negative
hangal,negative
hamunin,negative
hadlangan,negative
gross,negative
ginaw,negative
funny,negative
foul,negative
fat,negative
failure,negative
disputed,negative
delikado,negative
damage,negative
criminal,negative
bastos,negative
basagin,negative
attack,negative
aksidental,negative
Iginiit,negative
welga,negative
wasak,negative
villains,negative
usigin,negative
tunawin,negative
trivial,negative
talunan,negative
strict,negative
queer,negative
puta,negative
pinahina,negative
pinaghandaan,negative
paralisado,negative
pagtuligsa,negative
pagpapatapon,negative
pagkubkob,negative
pagkasunog,negative
paghupa,negative
pabayaan,negative
nakalilito,negative
nakakapinsala,negative
nahihiya,negative
nagyeyelo,negative
myth,negative
midget,negative
mayabang,negative
matakot,negative
malagim,negative
maimpluwensiyahan,negative
magsinungaling,negative
magpanggap,negative
lumpo,negative
loud,negative
losing,negative
linta,negative
ligalig,negative
lasing,negative
katakawan,negative
karumihan,negative
kabaliwan,negative
itanggi,negative
invisible,negative
illegal,negative
humatol,negative
harm,negative
galis,negative
fault,negative
falls,negative
err,negative
critical,negative
critic,negative
controversial,negative
chronic,negative
bombahin,negative
balisa,negative
babaero,negative
attacks,negative
assault,negative
anomalya,negative
abuse,negative
uyam,negative
unano,negative
ulol,negative
tigas,negative
tension,negative
taksil,negative
suicide,negative
stuck,negative
steals,negative
squash,negative
sore,negative
sisihin,negative
sick,negative
saksak,negative
restricted,negative
repetitive,negative
rejection,negative
rail,negative
puppet,negative
plebeian,negative
peklat,negative
pawiin,negative
paniniil,negative
panggugulo,negative
pamukaw,negative
pamiminsala,negative
pagtataboy,negative
pagkauhaw,negative
pagkapoot,negative
pagkakahuli,negative
paghihinala,negative
obese,negative
noise,negative
maputol,negative
manghimasok,negative
makapinsala,negative
magpataw,negative
maghain,negative
lumulubog,negative
luho,negative
lipas,negative
lemon,negative
kinamuhian,negative
killer,negative
kilabot,negative
kapilyuhan,negative
kapighatian,negative
kabigatan,negative
junk,negative
inabuso,negative
hinanakit,negative
hate,negative
hang,negative
guluhin,negative
guilty,negative
gangster,negative
fell,negative
fear,negative
fail,negative
dense,negative
defunct,negative
cloud,negative
busto,negative
antala,negative
akusahan,negative
abort,negative
Nemesis,negative
weaken,negative
waste,negative
volatile,negative
vibration,negative
undue,negative
ulupong,negative
uhaw,negative
tinapon,negative
threat,negative
sisi,negative
satirical,negative
sad,negative
regression,negative
pumipinsala,negative
primitive,negative
popa,negative
pinakamasama,negative
pinaasim,negative
pigsa,negative
pighati,negative
phobia,negative
patawa,negative
pasabugin,negative
palaboy,negative
pahirapan,negative
pahid,negative
pagkagambala,negative
pagkabaliw,negative
opposition,negative
napakatibay,negative
nalulungkot,negative
nakatatakot,negative
nakakainis,negative
naiinis,negative
matakaw,negative
mapurol,negative
mapawi,negative
maliitin,negative
malaswa,negative
malas,negative
makipagtalo,negative
maitaboy,negative
mahayag,negative
magkasala,negative
mabaho,negative
louder,negative
lose,negative
limits,negative
lie,negative
leche,negative
lacking,negative
karaingan,negative
kalabuan,negative
isinakripisyo,negative
irregular,negative
inis,negative
infection,negative
inactive,negative
imitasyon,negative
ikulong,negative
heretic,negative
halang,negative
expire,negative
errors,negative
doubt,negative
discontinued,negative
disagree,negative
destroy,negative
dayain,negative
daya,negative
dalamhati,negative
dagsa,negative
criticized,negative
contentious,negative
concerned,negative
cheat,negative
blow,negative
bawian,negative
bangungot,negative
ax,negative
arbitrary,negative
aminin,negative
aksaya,negative
abuses,negative
